player_id,username,region,join_date
706710,Jo,Europe,2025-05-18
431375,Lizbeth,Oceania,2025-03-12
262776,Jayde,Americas,2025-03-03
714093,Mai,Europe,2025-06-24
832054,Vanessa,Europe,2025-03-18
453795,Daisha,Americas,2025-01-17
537061,J'Rita,Americas,2025-11-12
188966,Autumn,Europe,2025-02-03
538454,De'Anisha,Americas,2025-03-19
801943,Niecy,Europe,2025-05-09
214620,Alyssa,Americas,2025-04-02
832130,Marianne,Oceania,2025-07-27
288871,Amy,Oceania,2025-12-03
183736,Grace,Oceania,2025-09-03
226386,Mudrika,Americas,2025-07-15
359139,Musfira,Oceania,2025-10-01
370682,Jennifer,Americas,2025-12-05
549912,Elizabeth,Oceania,2025-03-04
328801,Kimberly,Americas,2025-09-14
485628,Rihaab,Oceania,2025-06-09
906557,Alisha,Asia,2025-10-09
964988,Rachael,Americas,2025-08-10
511230,Esperanza,Asia,2025-05-09
116606,Saabiqa,Europe,2025-08-30
901499,Ariana,Asia,2025-10-03
769214,Leslie,Europe,2025-09-21
470088,Janetta,Oceania,2025-09-29
668616,Felicia,Americas,2025-06-01
451127,Iaong,Oceania,2025-10-12
784550,Kathleen,Oceania,2025-05-14
645765,Kristin,Asia,2025-02-11
359981,Kayli,Oceania,2025-05-12
796300,Hamdoona,Americas,2025-04-15
237069,Monica,Americas,2025-12-11
335890,Ericka,Asia,2025-05-27
295482,Ashlie,Americas,2025-06-05
989843,Rosa,Americas,2025-10-18
771661,Anjelita,Oceania,2025-09-29
846418,Payton,Asia,2025-03-28
632495,Brittany,Europe,2025-10-17
609333,Sylvia,Asia,2025-02-05
191060,Jacquelin,Europe,2025-09-21
254756,Nabintou,Oceania,2025-05-22
865780,Shaimaaa,Oceania,2025-07-13
866899,Caitlyn,Americas,2025-09-24
397240,Jocelyn,Oceania,2025-08-08
742702,Kasia,Oceania,2025-03-27
639945,Erin,Europe,2025-06-09
823364,Waldina,Oceania,2025-10-19
737417,Shantia,Asia,2025-02-24
548279,Madison,Americas,2025-03-21
846632,Roget,Oceania,2025-10-08
728074,Alejandra,Asia,2025-05-18
495082,Sharin,Oceania,2025-09-26
696505,Darlene,Europe,2025-10-04
680655,Kayla,Oceania,2025-12-15
428740,Rashaa,Europe,2025-09-27
954746,Rosilynn,Oceania,2025-11-01
206823,Karina,Oceania,2025-12-08
761063,Elvia,Oceania,2025-05-25
225074,Mckayla,Europe,2025-08-25
823737,Rachelle,Europe,2025-10-28
375190,Lindsay,Americas,2025-07-13
874365,Alyssa,Asia,2025-03-16
610399,Cody,Europe,2025-08-09
727074,Rachel,Europe,2025-06-24
438255,Jaqueline,Europe,2025-07-30
700485,Gabrielle,Europe,2025-04-24
605258,Nikoma,Oceania,2025-03-11
287267,Rachel,Oceania,2025-05-03
127337,Mikala,Europe,2025-08-04
842270,Jennifer,Americas,2025-12-22
863692,Nalani,Oceania,2025-05-17
860612,Brittney,Americas,2025-04-19
736867,Mayra,Asia,2025-06-07
340840,Kawehi,Asia,2025-10-04
712634,Naseefa,Europe,2025-12-24
548148,Ann,Oceania,2025-10-30
521864,Hasana,Oceania,2025-08-22
884064,Sara,Europe,2025-05-08
598057,Mahbooba,Europe,2025-03-23
413814,Kaitlyn,Europe,2025-12-03
153958,Shania,Americas,2025-09-21
747344,Melissa,Europe,2025-03-03
336673,Olivia,Americas,2025-12-10
782989,Halen,Americas,2025-11-19
119145,Taylor,Americas,2025-09-13
935192,Katherine,Europe,2025-04-19
888797,Zoe,Europe,2025-07-21
784131,Caroline,Europe,2025-12-11
752173,Brenna,Asia,2025-01-15
733001,Mikayla,Oceania,2025-01-01
301279,Shaakira,Europe,2025-05-17
320849,Christina,Asia,2025-05-23
211485,Stephanie,Americas,2025-04-04
478328,Thu,Oceania,2025-07-17
409075,Thanh,Europe,2025-11-17
801644,Sarina,Oceania,2025-01-03
474358,Imani,Asia,2025-05-15
299295,Jalen,Americas,2025-12-19
511550,Nhuong-Sao,Oceania,2025-07-06
845261,Lauren,Americas,2025-01-20
679812,Tanya,Americas,2025-05-10
807218,Emily,Asia,2025-12-10
814699,Mahdeeya,Oceania,2025-10-11
348649,Violet,Oceania,2025-03-04
826543,Qaaida,Americas,2025-09-10
424742,Veronica,Asia,2025-11-13
148823,Perla,Europe,2025-11-04
369683,Matea,Americas,2025-05-04
541159,Mallory,Oceania,2025-11-23
504425,Danielle,Asia,2025-04-26
379379,Reema,Asia,2025-05-12
834674,Sadeeqa,Oceania,2025-08-18
976659,Alexandra,Oceania,2025-05-16
341171,Vivian,Americas,2025-06-06
227799,Katie,Americas,2025-03-29
121283,Ashley,Europe,2025-11-25
731589,Samantha,Europe,2025-12-25
601290,Sarah,Oceania,2025-03-02
760028,Spring,Europe,2025-03-05
280853,Danielle,Oceania,2025-06-08
725165,Jennifer,Asia,2025-05-21
992418,Adhraaa,Oceania,2025-05-25
819323,Chandel,Asia,2025-07-11
601689,Marie,Oceania,2025-01-23
882995,Dakota,Asia,2025-04-01
550768,Tyneasha,Oceania,2025-11-16
263608,Savannah,Asia,2025-08-17
795855,Talya,Americas,2025-02-04
741327,Priscila,Asia,2025-06-27
543611,Latoya,Europe,2025-04-25
558280,Kathy,Americas,2025-07-21
159745,Brianna,Asia,2025-08-14
111393,Atheer,Americas,2025-10-26
921713,Madeleine,Americas,2025-03-20
452311,Ana,Oceania,2025-10-16
834590,Holly,Oceania,2025-07-19
338472,Nancy,Oceania,2025-06-23
128758,Domonique,Oceania,2025-03-19
504266,Ashley,Americas,2025-07-11
687078,Xiaoran,Europe,2025-02-06
804587,Kai Li,Americas,2025-07-03
373348,Huda,Americas,2025-12-30
372956,Shyanne,Americas,2025-02-01
902015,Deja,Europe,2025-12-13
429077,Jennifer,Americas,2025-04-06
574796,Micaela,Europe,2025-10-13
888577,Carmen,Europe,2025-05-29
275820,Leann,Oceania,2025-09-20
911910,Grace,Europe,2025-09-25
228614,Madison,Oceania,2025-11-18
531336,Sayra,Oceania,2025-03-10
637774,Lacy,Oceania,2025-11-11
584250,Noella,Oceania,2025-03-15
866987,Reema,Asia,2025-11-06
772764,Emily,Oceania,2025-01-04
506147,Asianae,Oceania,2025-10-09
527818,Rebecca,Europe,2025-05-07
596367,Alysia,Asia,2025-12-23
208144,Saalima,Oceania,2025-01-29
514937,Shamaail,Oceania,2025-06-19
321584,Ivoon,Europe,2025-05-11
592274,Dakota,Oceania,2025-05-06
902146,Michelle,Asia,2025-04-29
118200,Gabriela,Oceania,2025-11-15
390817,Tiffany,Oceania,2025-12-14
461798,Sumbula,Asia,2025-01-29
614315,Man Jing,Americas,2025-07-16
125681,Blair,Europe,2025-11-06
928337,Amatullah,Asia,2025-06-03
422983,Jumaana,Asia,2025-12-31
621918,Olivia,Europe,2025-07-06
277440,Christina,Oceania,2025-11-01
347272,Natelle Rae,Europe,2025-10-25
199038,Rachel,Asia,2025-05-28
984516,Rashaa,Asia,2025-05-23
966226,Naomi,Europe,2025-11-21
369938,Jannat,Americas,2025-05-05
700465,Zuhaira,Asia,2025-08-30
950166,Apryll,Oceania,2025-10-15
555693,Waynoka,Asia,2025-03-29
155852,Selena,Europe,2025-02-01
381970,Pwint,Oceania,2025-10-31
676537,Caitlynn,Asia,2025-04-07
385312,Aarti,Asia,2025-11-03
771041,Sadeeqa,Americas,2025-07-20
396109,Kayla,Asia,2025-05-26
609844,Ashley,Europe,2025-05-03
926564,Khawla,Asia,2025-09-11
338159,Abigail,Americas,2025-07-11
123123,Faline,Europe,2025-01-28
880318,Autumn,Asia,2025-02-06
160277,Safaaa,Oceania,2025-11-01
614728,Mastoora,Oceania,2025-07-01
313253,Jasslyn,Asia,2025-08-04
910062,Alexus,Americas,2025-05-18
427353,Amy,Americas,2025-01-28
401684,Allyson,Oceania,2025-04-17
924592,Whitney,Asia,2025-05-05
